{
  "run_id": "20260122T185527Z_f4ab17d7_seed2_baseline_ab78",
  "seed": 2,
  "mode": "paper",
  "model_type": "baseline",
  "config_path": "configs/prl_100k.yaml",
  "config_hash": "f4ab17d7e48a639d4e1cc5cb4e57a8330a4baad049cb203f062ac4161f120e9f",
  "git_commit": "2d5bd9ba30ef867091a85e6ce1205b3b86b780e5",
  "python_version": "3.12.12 | packaged by conda-forge | (main, Oct 22 2025, 23:25:55) [GCC 14.3.0]",
  "torch_version": "2.10.0+cu128",
  "yfinance_version": "1.0",
  "sb3_version": "2.7.1",
  "packages": {
    "torch": "2.10.0+cu128",
    "pandas": "3.0.0",
    "yfinance": "1.0",
    "stable_baselines3": "2.7.1"
  },
  "created_at": "2026-01-22T19:38:19.241210+00:00",
  "data_manifest_path": "data/processed/data_manifest.json",
  "data_manifest_hash": "77c02ef36d8d7efb7203e07739d514565e772f837ea223e84913712ffd0efec6",
  "asset_list": [
    "AAPL",
    "AMGN",
    "AXP",
    "BA",
    "CAT",
    "CRM",
    "CSCO",
    "CVX",
    "DIS",
    "GS",
    "HD",
    "HON",
    "IBM",
    "INTC",
    "JNJ",
    "JPM",
    "KO",
    "MCD",
    "MMM",
    "MRK",
    "MSFT",
    "NKE",
    "PG",
    "UNH",
    "V",
    "VZ",
    "WMT"
  ],
  "num_assets": 27,
  "L": 30,
  "Lv": 30,
  "obs_dim_expected": 864,
  "env_signature_hash": "0f7a92425293ecbc56e7522456169385be67f27a5190f495e18d0fc6cb64411e",
  "artifacts": {
    "model_path": "outputs/models/20260122T185527Z_f4ab17d7_seed2_baseline_ab78_final.zip",
    "train_log_path": "outputs/logs/train_20260122T185527Z_f4ab17d7_seed2_baseline_ab78.csv"
  },
  "artifact_paths": {
    "model_path": "outputs/models/20260122T185527Z_f4ab17d7_seed2_baseline_ab78_final.zip",
    "train_log_path": "outputs/logs/train_20260122T185527Z_f4ab17d7_seed2_baseline_ab78.csv"
  },
  "report_paths": {
    "trace_path": "outputs/reports/trace_20260122T185527Z_f4ab17d7_seed2_baseline_ab78.parquet",
    "regime_thresholds_path": "outputs/reports/regime_thresholds_20260122T185527Z_f4ab17d7_seed2_baseline_ab78.json",
    "step4_report_path": "outputs/reports/step4_report_20260122T185527Z_f4ab17d7_seed2_baseline_ab78.md",
    "regime_metrics_path": "outputs/reports/regime_metrics.csv",
    "figures_dir": "outputs/figures/20260122T185527Z_f4ab17d7_seed2_baseline_ab78"
  },
  "eval_start_date": "2022-02-15",
  "eval_end_date": "2025-12-30",
  "eval_num_days": 972,
  "evaluation": {
    "trace_path": "outputs/reports/trace_20260122T185527Z_f4ab17d7_seed2_baseline_ab78.parquet",
    "regime_thresholds_path": "outputs/reports/regime_thresholds_20260122T185527Z_f4ab17d7_seed2_baseline_ab78.json",
    "metrics_row_id": 10,
    "completed_at": "2026-01-22T19:38:20.708182+00:00",
    "eval_start_date": "2022-02-15",
    "eval_end_date": "2025-12-30",
    "eval_num_days": 972
  }
}